code,constituency,candidate,party,evm_votes,postal_votes,total_votes,percentage_votes,round,last_updated_time,last_updated_date,party_full_name,party_short,rank_in_constituency,winner_votes,runner_up_votes,winning_margin_votes,winning_margin_percentage
S2228,ALANDUR - 28,M.HARISH,Tamilaga Vettri Kazhagam,111572,633,112205,42.9,31/31,11:27 PM,04/05/2026,Tamilaga Vettri Kazhagam,TVK,1,112205,82596,29609,26.388307116438664
S22182,ALANGUDI - 182,SIVA.V.MEYYANATHAN,Dravida Munnetra Kazhagam,64162,767,64929,35.98,21/21,11:27 PM,04/05/2026,Dravida Munnetra Kazhagam,DMK,1,64929,51952,12977,19.986446734124968
S22223,ALANGULAM - 223,PAUL MANOJ PANDIAN,Dravida Munnetra Kazhagam,67974,1196,69170,31.32,25/25,11:27 PM,04/05/2026,Dravida Munnetra Kazhagam,DMK,1,69170,61372,7798,11.273673557900823
S22225,AMBASAMUDRAM - 225,DR.ESAKKI SUBAYA,All India Anna Dravida Munnetra Kazhagam,64632,957,65589,34.3,23/23,11:27 PM,04/05/2026,All India Anna Dravida Munnetra Kazhagam,AIADMK,1,65589,55344,10245,15.619997255637378
S228,AMBATTUR - 8,BALAMURUGAN.G,Tamilaga Vettri Kazhagam,132995,344,133339,51.29,28/28,11:27 PM,04/05/2026,Tamilaga Vettri Kazhagam,TVK,1,133339,74558,58781,44.083876435251504
S2248,AMBUR - 48,VILWANATHAN. A.C.,Dravida Munnetra Kazhagam,73543,559,74102,37.89,24/24,11:27 PM,04/05/2026,Dravida Munnetra Kazhagam,DMK,1,74102,66971,7131,9.623222045288927
S2244,ANAIKATTU - 44,D.VELAZHAGAN,All India Anna Dravida Munnetra Kazhagam,75629,673,76302,35.27,23/23,11:27 PM,04/05/2026,All India Anna Dravida Munnetra Kazhagam,AIADMK,1,76302,69221,7081,9.28022856543734
S22198,ANDIPATTI - 198,MAHARAJAN.A,Dravida Munnetra Kazhagam,73609,715,74324,34.2,25/25,11:27 PM,04/05/2026,Dravida Munnetra Kazhagam,DMK,1,74324,64770,9554,12.854528819762123
S2221,ANNA NAGAR - 21,V.K.RAMKUMAR,Tamilaga Vettri Kazhagam,70986,389,71375,43.7,20/20,11:27 PM,04/05/2026,Tamilaga Vettri Kazhagam,TVK,1,71375,50012,21363,29.930647985989495
S22105,ANTHIYUR - 105,HARIBASKAR.P,All India Anna Dravida Munnetra Kazhagam,59183,859,60042,32.32,20/20,11:27 PM,04/05/2026,All India Anna Dravida Munnetra Kazhagam,AIADMK,1,60042,58782,1260,2.098531028280204
S2238,ARAKKONAM - 38,V. GANDHIRAJ,Tamilaga Vettri Kazhagam,73358,418,73776,40.46,22/22,11:27 PM,04/05/2026,Tamilaga Vettri Kazhagam,TVK,1,73776,50655,23121,31.339459986987638
S2267,ARANI - 67,JAYASUDHA. L,All India Anna Dravida Munnetra Kazhagam,75881,854,76735,33.34,25/25,11:27 PM,04/05/2026,All India Anna Dravida Munnetra Kazhagam,AIADMK,1,76735,71104,5631,7.338242001694143
S22183,ARANTHANGI - 183,MOHAMED FARVAS. J,Tamilaga Vettri Kazhagam,72661,583,73244,40.08,23/23,11:27 PM,04/05/2026,Tamilaga Vettri Kazhagam,TVK,1,73244,63182,10062,13.737644039102179
S22134,ARAVAKURICHI - 134,ELANGO. R,Dravida Munnetra Kazhagam,70058,769,70827,39.11,22/22,11:27 PM,04/05/2026,Dravida Munnetra Kazhagam,DMK,1,70827,51445,19382,27.365270306521523
S2242,ARCOT - 42,S.M.SUKUMAR,All India Anna Dravida Munnetra Kazhagam,104696,912,105608,46.77,23/23,11:27 PM,04/05/2026,All India Anna Dravida Munnetra Kazhagam,AIADMK,1,105608,62888,42720,40.451480948413
S22149,ARIYALUR - 149,RAJENDRAN S,All India Anna Dravida Munnetra Kazhagam,94468,751,95219,40.37,25/25,11:27 PM,04/05/2026,All India Anna Dravida Munnetra Kazhagam,AIADMK,1,95219,70721,24498,25.72805847572438
S22207,ARUPPUKKOTTAI - 207,RAMACHANDRAN. K.K.S.S.R,Dravida Munnetra Kazhagam,64124,980,65104,36.49,20/20,11:27 PM,04/05/2026,Dravida Munnetra Kazhagam,DMK,1,65104,60161,4943,7.592467436716638
S22129,ATHOOR - 129,I. PERIASAMY,Dravida Munnetra Kazhagam,104467,1773,106240,44.79,26/26,11:27 PM,04/05/2026,Dravida Munnetra Kazhagam,DMK,1,106240,83872,22368,21.05421686746988
S2282,ATTUR - 82,JAYASANKARAN. A.P.,All India Anna Dravida Munnetra Kazhagam,79825,1018,80843,38.81,23/23,11:27 PM,04/05/2026,All India Anna Dravida Munnetra Kazhagam,AIADMK,1,80843,65525,15318,18.9478371658647
S226,AVADI - 6,R.RAMESH KUMAR,Tamilaga Vettri Kazhagam,179472,912,180384,52.13,27/27,11:27 PM,04/05/2026,Tamilaga Vettri Kazhagam,TVK,1,180384,104073,76311,42.3047498669505
S22112,AVANASHI - 112,KAMALI.S,Tamilaga Vettri Kazhagam,83730,479,84209,36.36,28/28,11:27 PM,04/05/2026,Tamilaga Vettri Kazhagam,TVK,1,84209,68836,15373,18.255768385801993
S2252,BARGUR - 52,E.C. GOVINDARASAN,All India Anna Dravida Munnetra Kazhagam,70298,942,71240,33.3,24/24,11:27 PM,04/05/2026,All India Anna Dravida Munnetra Kazhagam,AIADMK,1,71240,66999,4241,5.953116226838855
S22104,BHAVANI - 104,KARUPPANAN. K.C,All India Anna Dravida Munnetra Kazhagam,74402,1175,75577,36.28,22/22,11:27 PM,04/05/2026,All India Anna Dravida Munnetra Kazhagam,AIADMK,1,75577,68181,7396,9.786046019291582
S22107,BHAVANISAGAR - 107,V.P.TAMILSELVI,Tamilaga Vettri Kazhagam,71879,512,72391,33.73,24/24,11:27 PM,04/05/2026,Tamilaga Vettri Kazhagam,TVK,1,72391,67822,4569,6.311558066610489
S22157,BHUVANAGIRI - 157,ARUNMOZHITHEVAN . A,All India Anna Dravida Munnetra Kazhagam,74628,1079,75707,36.52,26/26,11:27 PM,04/05/2026,All India Anna Dravida Munnetra Kazhagam,AIADMK,1,75707,73220,2487,3.285033088089609
S22200,BODINAYAKANUR - 200,PANNEERSELVAM.O,Dravida Munnetra Kazhagam,84228,978,85206,38.62,25/25,11:27 PM,04/05/2026,Dravida Munnetra Kazhagam,DMK,1,85206,78401,6805,7.98652677041523
S2232,CHENGALPATTU - 32,S. THIYAGARAJAN,Tamilaga Vettri Kazhagam,136578,558,137136,42.32,40/40,11:27 PM,04/05/2026,Tamilaga Vettri Kazhagam,TVK,1,137136,101495,35641,25.98952864309882
S2262,CHENGAM - 62,S.VELU,All India Anna Dravida Munnetra Kazhagam,86953,849,87802,36.15,25/25,11:27 PM,04/05/2026,All India Anna Dravida Munnetra Kazhagam,AIADMK,1,87802,74524,13278,15.12266235393271
S2219,CHEPAUK-THIRUVALLIKENI - 19,UDHAYANIDHI STALIN,Dravida Munnetra Kazhagam,62560,432,62992,44.76,17/17,11:27 PM,04/05/2026,Dravida Munnetra Kazhagam,DMK,1,62992,55852,7140,11.33477266954534
S2268,CHEYYAR - 68,MUKKUR N. SUBRAMANIAN,All India Anna Dravida Munnetra Kazhagam,85939,741,86680,38.95,24/24,11:27 PM,04/05/2026,All India Anna Dravida Munnetra Kazhagam,AIADMK,1,86680,65599,21081,24.320489155514537
S2234,CHEYYUR - 34,RAJASEKAR. E,All India Anna Dravida Munnetra Kazhagam,62909,900,63809,34.02,22/22,11:27 PM,04/05/2026,All India Anna Dravida Munnetra Kazhagam,AIADMK,1,63809,58141,5668,8.88275948533906
S22158,CHIDAMBARAM - 158,THAMIMUN ANSARI. M,Dravida Munnetra Kazhagam,68566,1173,69739,35.48,24/24,11:27 PM,04/05/2026,Dravida Munnetra Kazhagam,DMK,1,69739,63992,5747,8.240726136021452
S22118,COIMBATORE (NORTH) - 118,V. SAMPATHKUMAR,Tamilaga Vettri Kazhagam,92136,364,92500,40.91,25/25,11:27 PM,04/05/2026,Tamilaga Vettri Kazhagam,TVK,1,92500,70508,21992,23.775135135135137
S22120,COIMBATORE (SOUTH) - 120,V SENTHILBALAJI,Dravida Munnetra Kazhagam,59167,557,59724,38.16,20/20,11:27 PM,04/05/2026,Dravida Munnetra Kazhagam,DMK,1,59724,57453,2271,3.8024914607193088
S22231,COLACHAL - 231,THARAHAI CUTHBERT,Indian National Congress,65190,1017,66207,33.27,28/28,11:27 PM,04/05/2026,Indian National Congress,INC,1,66207,63374,2833,4.279003730723337
S22110,COONOOR - 110,M. RAJU,Dravida Munnetra Kazhagam,49583,887,50470,35.69,18/18,11:27 PM,04/05/2026,Dravida Munnetra Kazhagam,DMK,1,50470,42371,8099,16.047156726768378
S22155,CUDDALORE - 155,B.RAJKUMAR,Tamilaga Vettri Kazhagam,69847,1009,70856,37.22,20/20,11:27 PM,04/05/2026,Tamilaga Vettri Kazhagam,TVK,1,70856,55337,15519,21.902167776899628
S22201,CUMBUM - 201,JEGANATHMISHRA PLA,Tamilaga Vettri Kazhagam,84340,1054,85394,40.55,25/25,11:27 PM,04/05/2026,Tamilaga Vettri Kazhagam,TVK,1,85394,84643,751,0.8794528889617537
S22101,DHARAPURAM - 101,SATHYABAMA.P,All India Anna Dravida Munnetra Kazhagam,80248,852,81100,40.56,24/24,11:27 PM,04/05/2026,All India Anna Dravida Munnetra Kazhagam,AIADMK,1,81100,64373,16727,20.625154130702835
S2259,DHARMAPURI - 59,SOWMIYA ANBUMANI,Pattali Makkal Katchi,91469,2244,93713,39.28,23/23,11:27 PM,04/05/2026,Pattali Makkal Katchi,PMK,1,93713,72817,20896,22.2978668914665
S22132,DINDIGUL - 132,SENTHILKUMAR. I.P,Dravida Munnetra Kazhagam,73160,1329,74489,35.13,26/26,11:27 PM,04/05/2026,Dravida Munnetra Kazhagam,DMK,1,74489,73358,1131,1.5183449905355153
S2211,DR.RADHAKRISHNAN NAGAR - 11,N. MARIE WILSON,Tamilaga Vettri Kazhagam,97529,271,97800,53.97,18/18,11:27 PM,04/05/2026,Tamilaga Vettri Kazhagam,TVK,1,97800,48132,49668,50.785276073619634
S2286,EDAPPADI - 86,EDAPPADI PALANISWAMI. K,All India Anna Dravida Munnetra Kazhagam,146534,2399,148933,57.67,25/25,11:27 PM,04/05/2026,All India Anna Dravida Munnetra Kazhagam,AIADMK,1,148933,50823,98110,65.87525934480605
S2216,EGMORE - 16,RAJMOHAN,Tamilaga Vettri Kazhagam,53520,381,53901,45.02,15/15,11:27 PM,04/05/2026,Tamilaga Vettri Kazhagam,TVK,1,53901,43097,10804,20.044155024953156
S2298,ERODE (EAST) - 98,M.VIJAY BALAJI,Tamilaga Vettri Kazhagam,69384,363,69747,42.93,20/20,11:27 PM,04/05/2026,Tamilaga Vettri Kazhagam,TVK,1,69747,45781,23966,34.36133453768621
S2299,ERODE (WEST) - 99,ANANTH MOGHAN K.K.,Tamilaga Vettri Kazhagam,96364,472,96836,43.74,24/24,11:27 PM,04/05/2026,Tamilaga Vettri Kazhagam,TVK,1,96836,74586,22250,22.97699202775827
S22178,GANDHARVAKOTTAI - 178,N. SUBRAMANIAN,Tamilaga Vettri Kazhagam,58386,409,58795,35.08,18/18,11:27 PM,04/05/2026,Tamilaga Vettri Kazhagam,TVK,1,58795,47756,11039,18.775406071944893
S2281,GANGAVALLI - 81,NALLATHAMBI. A,All India Anna Dravida Munnetra Kazhagam,72152,1015,73167,37.2,22/22,11:27 PM,04/05/2026,All India Anna Dravida Munnetra Kazhagam,AIADMK,1,73167,58763,14404,19.686470676671178
S2270,GINGEE - 70,GANESHKUMAR A,Pattali Makkal Katchi,77324,877,78201,36.1,24/24,11:27 PM,04/05/2026,Pattali Makkal Katchi,PMK,1,78201,65556,12645,16.16986995051214
S22106,GOBICHETTIPALAYAM - 106,SENGOTTAIYAN.K.A,Tamilaga Vettri Kazhagam,81628,984,82612,37.6,23/23,11:27 PM,04/05/2026,Tamilaga Vettri Kazhagam,TVK,1,82612,65992,16620,20.118142642715345
S22109,GUDALUR - 109,DHRAVIDAMANI.M,Dravida Munnetra Kazhagam,64926,664,65590,43.37,18/18,11:27 PM,04/05/2026,Dravida Munnetra Kazhagam,DMK,1,65590,42757,22833,34.81170910199726
S2246,GUDIYATTAM - 46,K.SINDU,Tamilaga Vettri Kazhagam,82474,384,82858,36.17,23/23,11:27 PM,04/05/2026,Tamilaga Vettri Kazhagam,TVK,1,82858,72761,10097,12.185908421637018
S221,GUMMIDIPOONDI - 1,S.VIJAYAKUMAR,Tamilaga Vettri Kazhagam,93820,500,94320,40.56,26/26,11:27 PM,04/05/2026,Tamilaga Vettri Kazhagam,TVK,1,94320,66375,27945,29.627862595419845
S2218,HARBOUR - 18,P K SEKARBABU,Dravida Munnetra Kazhagam,45073,181,45254,45.43,14/14,11:27 PM,04/05/2026,Dravida Munnetra Kazhagam,DMK,1,45254,33504,11750,25.96455561939276
S2261,HARUR - 61,SAMPATHKUMAR. V,All India Anna Dravida Munnetra Kazhagam,74063,1460,75523,34.32,23/23,11:27 PM,04/05/2026,All India Anna Dravida Munnetra Kazhagam,AIADMK,1,75523,72194,3329,4.407928710459066
S2255,HOSUR - 55,BALAKRISHNAREDDY. P,All India Anna Dravida Munnetra Kazhagam,109047,820,109867,39.55,32/32,11:27 PM,04/05/2026,All India Anna Dravida Munnetra Kazhagam,AIADMK,1,109867,82064,27803,25.30605186270673
S22150,JAYANKONDAM - 150,VAITHILINGAM G.,Pattali Makkal Katchi,87999,993,88992,38.94,25/25,11:27 PM,04/05/2026,Pattali Makkal Katchi,PMK,1,88992,70502,18490,20.777148507731034
S2249,JOLARPET - 49,VEERAMANI K.C.,All India Anna Dravida Munnetra Kazhagam,77814,819,78633,36.91,22/22,11:27 PM,04/05/2026,All India Anna Dravida Munnetra Kazhagam,AIADMK,1,78633,62550,16083,20.45324482087673
S22221,KADAYANALLUR - 221,RAJENDRAN. T. M,Dravida Munnetra Kazhagam,78809,1023,79832,35.97,27/27,11:27 PM,04/05/2026,Dravida Munnetra Kazhagam,DMK,1,79832,73579,6253,7.8326986672011225
S2265,KALASAPAKKAM - 65,AGRI KRISHNAMURTHY. S S,All India Anna Dravida Munnetra Kazhagam,88576,1053,89629,41.86,24/24,11:27 PM,04/05/2026,All India Anna Dravida Munnetra Kazhagam,AIADMK,1,89629,62889,26740,29.83409387586607
S2280,KALLAKURICHI - 80,ARUL VIGNESH C,Tamilaga Vettri Kazhagam,80572,560,81132,32.5,27/27,11:27 PM,04/05/2026,Tamilaga Vettri Kazhagam,TVK,1,81132,80334,798,0.9835823103091258
S2237,KANCHEEPURAM - 37,R.V. RANJITHKUMAR,Tamilaga Vettri Kazhagam,90321,1029,91350,37.09,26/26,11:27 PM,04/05/2026,Tamilaga Vettri Kazhagam,TVK,1,91350,75862,15488,16.954570333880678
S22102,KANGAYAM - 102,NSN NATARAJ,All India Anna Dravida Munnetra Kazhagam,70352,770,71122,34.94,24/24,11:27 PM,04/05/2026,All India Anna Dravida Munnetra Kazhagam,AIADMK,1,71122,62989,8133,11.435280222715896
S22229,KANNIYAKUMARI - 229,THALAVAI SUNDARAM. N,All India Anna Dravida Munnetra Kazhagam,73563,1482,75045,31.38,34/34,11:30 PM,04/05/2026,All India Anna Dravida Munnetra Kazhagam,AIADMK,1,75045,74831,214,0.2851622359917383
S22184,KARAIKUDI - 184,DR.PRABHU. TK,Tamilaga Vettri Kazhagam,100627,731,101358,44.21,30/30,11:27 PM,04/05/2026,Tamilaga Vettri Kazhagam,TVK,1,101358,55284,46074,45.456698040608536
S22135,KARUR - 135,M.R. VIJAYABHASKAR,All India Anna Dravida Munnetra Kazhagam,70887,655,71542,32.99,21/21,11:30 PM,04/05/2026,All India Anna Dravida Munnetra Kazhagam,AIADMK,1,71542,69721,1821,2.5453579715411925
S2240,KATPADI - 40,DR M SUDHAKAR,Tamilaga Vettri Kazhagam,69284,584,69868,34.33,21/21,11:30 PM,04/05/2026,Tamilaga Vettri Kazhagam,TVK,1,69868,63998,5870,8.401557222190416
S22159,KATTUMANNARKOIL - 159,L.E. JOTHIMANI,Viduthalai Chiruthaigal Katchi,84130,1049,85179,45.33,22/22,11:27 PM,04/05/2026,Viduthalai Chiruthaigal Katchi,VCK,1,85179,52116,33063,38.81590532877822
S22117,KAVUNDAMPALAYAM - 117,KANIMOZHI SANTHOSH,Tamilaga Vettri Kazhagam,145888,578,146466,40.24,28/28,11:27 PM,04/05/2026,Tamilaga Vettri Kazhagam,TVK,1,146466,104326,42140,28.771182390452392
S22234,KILLIYOOR - 234,RAJESH KUMAR. S,Indian National Congress,65354,1080,66434,37.42,23/23,11:30 PM,04/05/2026,Indian National Congress,INC,1,66434,65123,1311,1.973387121052473
S2264,KILPENNATHUR - 64,RAMACHANDRAN.S,All India Anna Dravida Munnetra Kazhagam,89434,1069,90503,41.18,23/23,11:27 PM,04/05/2026,All India Anna Dravida Munnetra Kazhagam,AIADMK,1,90503,60038,30465,33.66186756240125
S2245,KILVAITHINANKUPPAM - 45,THENRAL KUMAR. E,Tamilaga Vettri Kazhagam,73649,656,74305,39.13,19/19,11:27 PM,04/05/2026,Tamilaga Vettri Kazhagam,TVK,1,74305,54050,20255,27.259269228181143
S22164,KILVELUR - 164,LATHA. T,Communist Party of India (Marxist),55409,699,56108,37.0,17/17,11:27 PM,04/05/2026,Communist Party of India (Marxist),CPM,1,56108,53830,2278,4.060027090610965
S22122,KINATHUKADAVU - 122,VIGNESH K,Tamilaga Vettri Kazhagam,99661,289,99950,37.31,31/31,11:27 PM,04/05/2026,Tamilaga Vettri Kazhagam,TVK,1,99950,88240,11710,11.715857928964482
S2213,KOLATHUR - 13,V. S. BABU,Tamilaga Vettri Kazhagam,82614,383,82997,45.09,22/22,11:27 PM,04/05/2026,Tamilaga Vettri Kazhagam,TVK,1,82997,74202,8795,10.596768557899683
S22218,KOVILPATTI - 218,KARUNANITHI.K,Dravida Munnetra Kazhagam,60803,840,61643,31.74,25/25,11:27 PM,04/05/2026,Dravida Munnetra Kazhagam,DMK,1,61643,60800,843,1.3675518712586991
S2253,KRISHNAGIRI - 53,MUKUNDHAN.P,Tamilaga Vettri Kazhagam,88252,1122,89374,38.83,25/25,11:27 PM,04/05/2026,Tamilaga Vettri Kazhagam,TVK,1,89374,70530,18844,21.084431713921276
S22136,KRISHNARAYAPURAM - 136,SATHYA. M,Tamilaga Vettri Kazhagam,61989,389,62378,32.94,21/21,11:27 PM,04/05/2026,Tamilaga Vettri Kazhagam,TVK,1,62378,58875,3503,5.615761967360287
S22137,KULITHALAI - 137,SURIYANUR. A. CHANDRAN,Dravida Munnetra Kazhagam,67204,934,68138,32.59,21/21,11:27 PM,04/05/2026,Dravida Munnetra Kazhagam,DMK,1,68138,67559,579,0.8497461034958467
S2297,KUMARAPALAYAM - 97,C.VIJAYALAKSHMI,Tamilaga Vettri Kazhagam,80874,305,81179,39.54,24/24,11:27 PM,04/05/2026,Tamilaga Vettri Kazhagam,TVK,1,81179,73483,7696,9.480284309981645
S22171,KUMBAKONAM - 171,VINOTH,Tamilaga Vettri Kazhagam,78255,395,78650,37.76,23/23,11:30 PM,04/05/2026,Tamilaga Vettri Kazhagam,TVK,1,78650,77971,679,0.863318499682136
S22148,KUNNAM - 148,SIVASANKAR. S.S,Dravida Munnetra Kazhagam,85785,1452,87237,37.84,25/25,11:27 PM,04/05/2026,Dravida Munnetra Kazhagam,DMK,1,87237,71680,15557,17.83302956314408
S22156,KURINJIPADI - 156,M.R.K.PANNEERSELVAM,Dravida Munnetra Kazhagam,75778,917,76695,35.84,20/20,11:27 PM,04/05/2026,Dravida Munnetra Kazhagam,DMK,1,76695,69106,7589,9.895038790012386
S22143,LALGUDI - 143,LEEMAROSE MARTIN,All India Anna Dravida Munnetra Kazhagam,60329,466,60795,32.82,21/21,11:27 PM,04/05/2026,All India Anna Dravida Munnetra Kazhagam,AIADMK,1,60795,58056,2739,4.5053047125585985
S22126,MADATHUKULAM - 126,R JAYARAMAKRISHNAN,Dravida Munnetra Kazhagam,69595,863,70458,37.43,22/22,11:27 PM,04/05/2026,Dravida Munnetra Kazhagam,DMK,1,70458,54490,15968,22.663146839251752
S229,MADAVARAM - 9,M.L.VIJAYPRABHU,Tamilaga Vettri Kazhagam,189784,678,190462,52.61,19/19,11:27 PM,04/05/2026,Tamilaga Vettri Kazhagam,TVK,1,190462,95477,94985,49.87084037760813
S22193,MADURAI CENTRAL - 193,MADHAR BADHURUDEEN,Tamilaga Vettri Kazhagam,63106,308,63414,42.68,19/19,11:30 PM,04/05/2026,Tamilaga Vettri Kazhagam,TVK,1,63414,44286,19128,30.16368625224714
S22189,MADURAI EAST - 189,KARTHIKEYAN S,Tamilaga Vettri Kazhagam,117714,1063,118777,43.74,29/29,11:27 PM,04/05/2026,Tamilaga Vettri Kazhagam,TVK,1,118777,102230,16547,13.931148286284381
S22191,MADURAI NORTH - 191,A.KALLANAI,Tamilaga Vettri Kazhagam,72121,732,72853,45.03,19/19,11:27 PM,04/05/2026,Tamilaga Vettri Kazhagam,TVK,1,72853,54815,18038,24.75944710581582
S22192,MADURAI SOUTH - 192,M.M.GOPISON,Tamilaga Vettri Kazhagam,62162,253,62415,44.11,17/17,11:27 PM,04/05/2026,Tamilaga Vettri Kazhagam,TVK,1,62415,40886,21529,34.493310902827844
S22194,MADURAI WEST - 194,THANGAPANDI SR,Tamilaga Vettri Kazhagam,87539,711,88250,40.78,27/27,11:27 PM,04/05/2026,Tamilaga Vettri Kazhagam,TVK,1,88250,76319,11931,13.51954674220963
S2235,MADURANTAKAM - 35,MARAGATHAM KUMARAVEL.K,All India Anna Dravida Munnetra Kazhagam,68544,740,69284,34.95,22/22,11:27 PM,04/05/2026,All India Anna Dravida Munnetra Kazhagam,AIADMK,1,69284,62090,7194,10.383349691126378
S227,MADURAVOYAL - 7,RHEVANTH CHARAN,Tamilaga Vettri Kazhagam,141423,302,141725,48.26,27/27,11:27 PM,04/05/2026,Tamilaga Vettri Kazhagam,TVK,1,141725,80216,61509,43.400246957135295
S2271,MAILAM - 71,SHANMUGAM C VE,All India Anna Dravida Munnetra Kazhagam,81436,917,82353,43.52,21/21,11:27 PM,04/05/2026,All India Anna Dravida Munnetra Kazhagam,AIADMK,1,82353,52312,30041,36.478331086906365
S22144,MANACHANALLUR - 144,KATHIRAVAN. S,Dravida Munnetra Kazhagam,80054,1393,81447,38.82,22/22,11:27 PM,04/05/2026,Dravida Munnetra Kazhagam,DMK,1,81447,69083,12364,15.180424079462718
S22187,MANAMADURAI - 187,ELANGOVAN.D,Tamilaga Vettri Kazhagam,68882,1089,69971,33.54,27/27,11:27 PM,04/05/2026,Tamilaga Vettri Kazhagam,TVK,1,69971,68763,1208,1.726429520801475
S22138,MANAPPARAI - 138,R. KATHIRAVAN,Tamilaga Vettri Kazhagam,82268,773,83041,34.43,26/26,11:27 PM,04/05/2026,Tamilaga Vettri Kazhagam,TVK,1,83041,81615,1426,1.7172240218687154
S22167,MANNARGUDI - 167,KAMARAJ. S,Amma Makkal Munnettra Kazagam,67837,579,68416,35.25,22/22,11:27 PM,04/05/2026,Amma Makkal Munnettra Kazagam,AMMK,1,68416,66850,1566,2.288938260056127
S22161,MAYILADUTHURAI - 161,JAMAL MOHAMED YOUNOOS. Y.N,Indian National Congress,67189,822,68011,36.09,22/22,11:27 PM,04/05/2026,Indian National Congress,INC,1,68011,57166,10845,15.945949919865903
S22188,MELUR - 188,P.VISWANATHAN,Indian National Congress,59486,594,60080,31.5,21/21,11:27 PM,04/05/2026,Indian National Congress,INC,1,60080,57356,2724,4.5339547270306255
S22111,METTUPPALAYAM - 111,SUNILANAND,Tamilaga Vettri Kazhagam,75392,272,75664,30.97,27/27,11:30 PM,04/05/2026,Tamilaga Vettri Kazhagam,TVK,1,75664,67896,7768,10.266441108056672
S2285,METTUR - 85,VENKATACHALAM. G,All India Anna Dravida Munnetra Kazhagam,85347,1151,86498,37.43,30/30,11:30 PM,04/05/2026,All India Anna Dravida Munnetra Kazhagam,AIADMK,1,86498,67393,19105,22.087215889384726
S22100,MODAKKURICHI - 100,D.SHANMUGAN,Tamilaga Vettri Kazhagam,59978,737,60715,31.83,21/21,11:30 PM,04/05/2026,Tamilaga Vettri Kazhagam,TVK,1,60715,58285,2430,4.002305855225233
S22212,MUDHUKULATHUR - 212,R.S.RAJAKANNAPPAN,Dravida Munnetra Kazhagam,67117,886,68003,29.39,31/31,11:27 PM,04/05/2026,Dravida Munnetra Kazhagam,DMK,1,68003,51405,16598,24.4077467170566
S22145,MUSIRI - 145,M.VIGNESH,Tamilaga Vettri Kazhagam,70317,964,71281,37.69,21/21,11:27 PM,04/05/2026,Tamilaga Vettri Kazhagam,TVK,1,71281,53839,17442,24.469353684712615
S2225,MYLAPORE - 25,VENKATARAMANAN. P,Tamilaga Vettri Kazhagam,69748,322,70070,46.53,21/21,11:27 PM,04/05/2026,Tamilaga Vettri Kazhagam,TVK,1,70070,41098,28972,41.34722420436706
S22163,NAGAPATTINAM - 163,M.H.JAWAHIRULLAH,Dravida Munnetra Kazhagam,55695,610,56305,37.21,19/19,11:27 PM,04/05/2026,Dravida Munnetra Kazhagam,DMK,1,56305,46524,9781,17.371459017849215
S22230,NAGERCOIL - 230,AUSTIN,Dravida Munnetra Kazhagam,68656,1224,69880,35.6,23/23,11:30 PM,04/05/2026,Dravida Munnetra Kazhagam,DMK,1,69880,62310,7570,10.832856325128793
S2294,NAMAKKAL - 94,DILIP C S,Tamilaga Vettri Kazhagam,78916,828,79744,37.56,23/23,11:27 PM,04/05/2026,Tamilaga Vettri Kazhagam,TVK,1,79744,68736,11008,13.804173354735152
S22227,NANGUNERI - 227,REDDIARPATTI V. NARAYANAN,Tamilaga Vettri Kazhagam,74047,905,74952,35.79,25/25,11:27 PM,04/05/2026,Tamilaga Vettri Kazhagam,TVK,1,74952,58533,16419,21.906019852705732
S22169,NANNILAM - 169,KAMARAJ. R,All India Anna Dravida Munnetra Kazhagam,102544,918,103462,44.7,25/25,11:27 PM,04/05/2026,All India Anna Dravida Munnetra Kazhagam,AIADMK,1,103462,61738,41724,40.32784983858808
S22131,NATHAM - 131,NATHAM VISWANATHAN R,All India Anna Dravida Munnetra Kazhagam,85215,493,85708,35.84,27/27,11:27 PM,04/05/2026,All India Anna Dravida Munnetra Kazhagam,AIADMK,1,85708,73839,11869,13.848182200028003
S22153,NEYVELI - 153,RAJENDRAN.R,All India Anna Dravida Munnetra Kazhagam,62862,869,63731,37.76,20/20,11:27 PM,04/05/2026,All India Anna Dravida Munnetra Kazhagam,AIADMK,1,63731,52769,10962,17.200420517487565
S22130,NILAKKOTTAI - 130,AYYANAR.R,Tamilaga Vettri Kazhagam,67953,627,68580,34.71,25/25,11:27 PM,04/05/2026,Tamilaga Vettri Kazhagam,TVK,1,68580,65655,2925,4.2650918635170605
S22128,ODDANCHATRAM - 128,SAKKARAPANI. R,Dravida Munnetra Kazhagam,92068,1031,93099,46.17,26/26,11:27 PM,04/05/2026,Dravida Munnetra Kazhagam,DMK,1,93099,49850,43249,46.4548491390885
S2284,OMALUR - 84,MANI. R,All India Anna Dravida Munnetra Kazhagam,110810,1436,112246,41.4,26/26,11:30 PM,04/05/2026,All India Anna Dravida Munnetra Kazhagam,AIADMK,1,112246,97707,14539,12.95280009978084
S22175,ORATHANADU - 175,R. VAITHILINGAM,Dravida Munnetra Kazhagam,85816,943,86759,44.42,24/24,11:27 PM,04/05/2026,Dravida Munnetra Kazhagam,DMK,1,86759,51731,35028,40.37390933505458
S22217,OTTAPIDARAM - 217,P .MATHANRAJA,Tamilaga Vettri Kazhagam,80561,1064,81625,41.62,24/24,11:27 PM,04/05/2026,Tamilaga Vettri Kazhagam,TVK,1,81625,52542,29083,35.63001531393568
S22232,PADMANABHAPURAM - 232,CHELLASWAMY. R,Communist Party of India (Marxist),67896,1042,68938,38.18,24/24,11:27 PM,04/05/2026,Communist Party of India (Marxist),CPM,1,68938,53369,15569,22.584061040355103
S2257,PALACODU - 57,ANBALAGAN. K.P.,All India Anna Dravida Munnetra Kazhagam,101533,1274,102807,45.64,23/23,11:30 PM,04/05/2026,All India Anna Dravida Munnetra Kazhagam,AIADMK,1,102807,63765,39042,37.97601330648691
S22127,PALANI - 127,RAVIMANOHARAN. K,All India Anna Dravida Munnetra Kazhagam,66426,560,66986,32.11,27/27,11:30 PM,04/05/2026,All India Anna Dravida Munnetra Kazhagam,AIADMK,1,66986,66293,693,1.0345445316931896
S22226,PALAYAMKOTTAI - 226,M.ABDUL WAHAB,Dravida Munnetra Kazhagam,78293,1451,79744,44.15,22/22,11:30 PM,04/05/2026,Dravida Munnetra Kazhagam,DMK,1,79744,65939,13805,17.311647271268058
S22115,PALLADAM - 115,K.RAMKUMAR,Tamilaga Vettri Kazhagam,120703,594,121297,40.3,35/35,11:30 PM,04/05/2026,Tamilaga Vettri Kazhagam,TVK,1,121297,83400,37897,31.243146986322827
S2230,PALLAVARAM - 30,J.KAMATCHI,Tamilaga Vettri Kazhagam,133119,492,133611,47.1,35/35,11:30 PM,04/05/2026,Tamilaga Vettri Kazhagam,TVK,1,133611,78918,54693,40.934503895637334
S22154,PANRUTI - 154,MOHAN. K,All India Anna Dravida Munnetra Kazhagam,77385,1013,78398,37.2,23/23,11:30 PM,04/05/2026,All India Anna Dravida Munnetra Kazhagam,AIADMK,1,78398,67735,10663,13.601112273272278
S22172,PAPANASAM - 172,A.M. SHAHJAHAN,Indian Union Muslim League,68742,542,69284,33.35,23/23,11:30 PM,04/05/2026,Indian Union Muslim League,Indian Union Muslim League,1,69284,68219,1065,1.5371514346746724
S2260,PAPPIREDDIPATTI - 60,MARAGATHAM VETRIVEL,All India Anna Dravida Munnetra Kazhagam,100096,1733,101829,43.03,25/25,11:30 PM,04/05/2026,All India Anna Dravida Munnetra Kazhagam,AIADMK,1,101829,68715,33114,32.51922340394191
S22209,PARAMAKUDI - 209,ADVOCATE. KATHIRAVAN. K.K,Dravida Munnetra Kazhagam,58217,944,59161,31.18,25/25,11:30 PM,04/05/2026,Dravida Munnetra Kazhagam,DMK,1,59161,55613,3548,5.997194097462855
S2295,PARAMATHI-VELUR - 95,SEKAR S,All India Anna Dravida Munnetra Kazhagam,60017,1332,61349,32.49,20/20,11:30 PM,04/05/2026,All India Anna Dravida Munnetra Kazhagam,AIADMK,1,61349,61041,308,0.5020456731161062
S22176,PATTUKKOTTAI - 176,ANNADURAI K,Dravida Munnetra Kazhagam,65297,666,65963,35.9,24/24,11:30 PM,04/05/2026,Dravida Munnetra Kazhagam,DMK,1,65963,52209,13754,20.851083182996526
S2258,PENNAGARAM - 58,GAJENDRAN. S.,Tamilaga Vettri Kazhagam,80473,767,81240,35.53,23/23,11:30 PM,04/05/2026,Tamilaga Vettri Kazhagam,TVK,1,81240,78075,3165,3.8958641063515507
S22147,PERAMBALUR - 147,SIVAKUMAR. K,Tamilaga Vettri Kazhagam,89776,1106,90882,35.83,28/28,11:30 PM,04/05/2026,Tamilaga Vettri Kazhagam,TVK,1,90882,76489,14393,15.837019431790674
S2212,PERAMBUR - 12,C. JOSEPH VIJAY,Tamilaga Vettri Kazhagam,119785,580,120365,58.89,23/23,11:30 PM,04/05/2026,Tamilaga Vettri Kazhagam,TVK,1,120365,66650,53715,44.62676027084285
S22177,PERAVURANI - 177,ASHOKKUMAR. N,Dravida Munnetra Kazhagam,60262,657,60919,34.56,21/21,11:30 PM,04/05/2026,Dravida Munnetra Kazhagam,DMK,1,60919,57757,3162,5.190498859140826
S22199,PERIYAKULAM - 199,SABARI IYNGARAN G.,Tamilaga Vettri Kazhagam,84822,834,85656,40.56,26/26,11:30 PM,04/05/2026,Tamilaga Vettri Kazhagam,TVK,1,85656,66335,19321,22.556505090127953
S22103,PERUNDURAI - 103,JAYAKUMAR. S,All India Anna Dravida Munnetra Kazhagam,69408,894,70302,35.03,22/22,11:30 PM,04/05/2026,All India Anna Dravida Munnetra Kazhagam,AIADMK,1,70302,60609,9693,13.787658957070922
S22123,POLLACHI - 123,K. NITHYANANDHAN,Dravida Munnetra Kazhagam,61347,666,62013,34.22,22/22,11:30 PM,04/05/2026,Dravida Munnetra Kazhagam,DMK,1,62013,57386,4627,7.461338751552093
S2266,POLUR - 66,ABISHEK. R,Tamilaga Vettri Kazhagam,67203,758,67961,32.1,22/22,11:30 PM,04/05/2026,Tamilaga Vettri Kazhagam,TVK,1,67961,67734,227,0.33401509689380676
S222,PONNERI - 2,DR.RAVI.M.S,Tamilaga Vettri Kazhagam,110051,388,110439,48.69,26/26,11:30 PM,04/05/2026,Tamilaga Vettri Kazhagam,TVK,1,110439,54671,55768,50.49665426162859
S22162,POOMPUHAR - 162,NIVEDHA M MURUGAN,Dravida Munnetra Kazhagam,80554,542,81096,36.98,25/25,11:30 PM,04/05/2026,Dravida Munnetra Kazhagam,DMK,1,81096,72836,8260,10.185459208838907
S225,POONAMALLEE - 5,PRAKASAM.R,Tamilaga Vettri Kazhagam,160643,666,161309,52.22,25/25,11:30 PM,04/05/2026,Tamilaga Vettri Kazhagam,TVK,1,161309,88569,72740,45.09357816364865
S22180,PUDUKKOTTAI - 180,V. MUTHURAJA,Dravida Munnetra Kazhagam,65745,1080,66825,35.1,22/22,11:30 PM,04/05/2026,Dravida Munnetra Kazhagam,DMK,1,66825,64958,1867,2.7938645716423496
S22228,RADHAPURAM - 228,DR.SATHISH CHRISTOPHER,Tamilaga Vettri Kazhagam,69400,547,69947,34.99,26/26,11:30 PM,04/05/2026,Tamilaga Vettri Kazhagam,TVK,1,69947,57634,12313,17.603328234234493
S22202,RAJAPALAYAM - 202,JEGADESHWARI. K,Tamilaga Vettri Kazhagam,64947,601,65548,35.81,21/21,11:30 PM,04/05/2026,Tamilaga Vettri Kazhagam,TVK,1,65548,54943,10605,16.1789833404528
S22211,RAMANATHAPURAM - 211,KATHARBATCHA MUTHURAMALINGAM,Dravida Munnetra Kazhagam,88339,798,89137,37.52,31/31,11:30 PM,04/05/2026,Dravida Munnetra Kazhagam,DMK,1,89137,76678,12459,13.977360691968544
S2241,RANIPET - 41,THAHIRA,Tamilaga Vettri Kazhagam,90728,421,91149,41.24,22/22,11:30 PM,04/05/2026,Tamilaga Vettri Kazhagam,TVK,1,91149,85362,5787,6.348945133791924
S2292,RASIPURAM - 92,LOGESH TAMILSELVAN D,Tamilaga Vettri Kazhagam,74050,758,74808,36.55,21/21,11:30 PM,04/05/2026,Tamilaga Vettri Kazhagam,TVK,1,74808,60297,14511,19.397658004491497
S2278,RISHIVANDIYAM - 78,KARTHIKEYAN K,Dravida Munnetra Kazhagam,88871,840,89711,36.65,25/25,11:30 PM,04/05/2026,Dravida Munnetra Kazhagam,DMK,1,89711,84849,4862,5.419625241051822
S2217,ROYAPURAM - 17,K.V. VIJAY DAMU,Tamilaga Vettri Kazhagam,58710,381,59091,46.4,15/15,11:30 PM,04/05/2026,Tamilaga Vettri Kazhagam,TVK,1,59091,44842,14249,24.113655209761216
S2223,SAIDAPET - 23,ARUL PRAKASAM. M,Tamilaga Vettri Kazhagam,80738,467,81205,50.63,21/21,11:30 PM,04/05/2026,Tamilaga Vettri Kazhagam,TVK,1,81205,52691,28514,35.113601379225415
S2289,SALEM (NORTH) - 89,SIVAKUMAR. K,Tamilaga Vettri Kazhagam,85218,492,85710,40.68,23/23,11:30 PM,04/05/2026,Tamilaga Vettri Kazhagam,TVK,1,85710,71676,14034,16.373818690934545
S2290,SALEM (SOUTH) - 90,VIJAY TAMILAN PARTHIBAN. A,Tamilaga Vettri Kazhagam,91008,363,91371,43.95,20/20,11:30 PM,04/05/2026,Tamilaga Vettri Kazhagam,TVK,1,91371,58002,33369,36.52034015168927
S2288,SALEM (WEST) - 88,LAKSHMANAN.S,Tamilaga Vettri Kazhagam,119587,820,120407,51.37,24/24,11:30 PM,04/05/2026,Tamilaga Vettri Kazhagam,TVK,1,120407,45540,74867,62.17827867150581
S22219,SANKARANKOVIL - 219,DR. DHILIPAN JAISHANKAR,All India Anna Dravida Munnetra Kazhagam,63854,1011,64865,33.01,24/24,11:30 PM,04/05/2026,All India Anna Dravida Munnetra Kazhagam,AIADMK,1,64865,58376,6489,10.00385415863717
S2279,SANKARAPURAM - 79,RAKESH R,All India Anna Dravida Munnetra Kazhagam,79369,881,80250,34.07,25/25,11:30 PM,04/05/2026,All India Anna Dravida Munnetra Kazhagam,AIADMK,1,80250,76810,3440,4.286604361370717
S2287,SANKARI - 87,VETRIVEL. S,All India Anna Dravida Munnetra Kazhagam,86200,1142,87342,35.83,25/25,11:30 PM,04/05/2026,All India Anna Dravida Munnetra Kazhagam,AIADMK,1,87342,77825,9517,10.89624693732683
S22204,SATTUR - 204,KADARKARAIRAJ. A,Dravida Munnetra Kazhagam,61342,718,62060,31.23,21/21,11:30 PM,04/05/2026,Dravida Munnetra Kazhagam,DMK,1,62060,56071,5989,9.650338382210764
S2293,SENTHAMANGALAM - 93,P CHANDRASEKAR,Tamilaga Vettri Kazhagam,68124,691,68815,32.82,23/23,11:30 PM,04/05/2026,Tamilaga Vettri Kazhagam,TVK,1,68815,66160,2655,3.8581704570224513
S22190,SHOLAVANDAN - 190,KARUPPAIAH.M.V,Tamilaga Vettri Kazhagam,63234,673,63907,33.8,19/19,11:30 PM,04/05/2026,Tamilaga Vettri Kazhagam,TVK,1,63907,61229,2678,4.190464268390004
S2239,SHOLINGUR - 39,G.KAPIL,Tamilaga Vettri Kazhagam,83856,650,84506,36.16,26/26,11:30 PM,04/05/2026,Tamilaga Vettri Kazhagam,TVK,1,84506,78820,5686,6.728516318367926
S2227,SHOZHINGANALLUR - 27,ECR P SARAVANAN,Tamilaga Vettri Kazhagam,219807,575,220382,49.27,33/33,11:30 PM,04/05/2026,Tamilaga Vettri Kazhagam,TVK,1,220382,123602,96780,43.91465727691009
S22121,SINGANALLUR - 121,K.S.SRI GIRI PRASATH,Tamilaga Vettri Kazhagam,83725,438,84163,38.08,27/27,11:30 PM,04/05/2026,Tamilaga Vettri Kazhagam,TVK,1,84163,65024,19139,22.740396611337523
S22160,SIRKAZHI - 160,SENTHILSELVAN.R,Dravida Munnetra Kazhagam,70765,684,71449,35.64,23/23,11:30 PM,04/05/2026,Dravida Munnetra Kazhagam,DMK,1,71449,60032,11417,15.979229940237092
S22186,SIVAGANGA - 186,KULANTHAI RANI A,Tamilaga Vettri Kazhagam,72917,820,73737,34.45,31/31,11:30 PM,04/05/2026,Tamilaga Vettri Kazhagam,TVK,1,73737,58656,15081,20.452418731437405
S22205,SIVAKASI - 205,KEERTHANA S,Tamilaga Vettri Kazhagam,68273,436,68709,35.51,22/22,11:30 PM,04/05/2026,Tamilaga Vettri Kazhagam,TVK,1,68709,57039,11670,16.984674496790813
S2229,SRIPERUMBUDUR - 29,THENNARASU.K,Tamilaga Vettri Kazhagam,146950,661,147611,44.58,33/33,11:30 PM,04/05/2026,Tamilaga Vettri Kazhagam,TVK,1,147611,93365,54246,36.749293751820666
S22139,SRIRANGAM - 139,RAMESH,Tamilaga Vettri Kazhagam,102496,739,103235,40.49,28/28,11:30 PM,04/05/2026,Tamilaga Vettri Kazhagam,TVK,1,103235,69645,33590,32.537414636508935
S22216,SRIVAIKUNTAM - 216,SARAVANAN. G,Tamilaga Vettri Kazhagam,58143,671,58814,33.34,21/21,11:30 PM,04/05/2026,Tamilaga Vettri Kazhagam,TVK,1,58814,57628,1186,2.016526677321726
S22203,SRIVILLIPUTHUR - 203,KARTHIK.A,Tamilaga Vettri Kazhagam,64709,944,65653,33.93,24/24,11:30 PM,04/05/2026,Tamilaga Vettri Kazhagam,TVK,1,65653,57072,8581,13.070232891109319
S22116,SULUR - 116,NM.SUKUMAR,Tamilaga Vettri Kazhagam,90237,294,90531,33.1,30/30,11:30 PM,04/05/2026,Tamilaga Vettri Kazhagam,TVK,1,90531,85741,4790,5.291005291005291
S2231,TAMBARAM - 31,D.SARATHKUMAR,Tamilaga Vettri Kazhagam,118577,390,118967,42.67,39/39,11:30 PM,04/05/2026,Tamilaga Vettri Kazhagam,TVK,1,118967,83346,35621,29.941916665966197
S22222,TENKASI - 222,DR.KALAI KATHIRAVAN,Dravida Munnetra Kazhagam,78535,1164,79699,33.92,26/26,11:30 PM,04/05/2026,Dravida Munnetra Kazhagam,DMK,1,79699,69400,10299,12.92237041870036
S2256,THALLI - 56,RAMACHANDRAN. T,Communist Party of India,77470,813,78283,38.02,24/24,11:30 PM,04/05/2026,Communist Party of India,CPI,1,78283,73043,5240,6.693662736481739
S22174,THANJAVUR - 174,R. VIJAYSARAVANAN,Tamilaga Vettri Kazhagam,86874,831,87705,44.12,24/24,11:30 PM,04/05/2026,Tamilaga Vettri Kazhagam,TVK,1,87705,70750,16955,19.331851091727952
S2215,THIRU-VI-KA-NAGAR - 15,M. R. PALLAVI,Tamilaga Vettri Kazhagam,68768,357,69125,48.04,17/17,11:30 PM,04/05/2026,Tamilaga Vettri Kazhagam,TVK,1,69125,46792,22333,32.30813743218807
S22196,THIRUMANGALAM - 196,MANIMARAN.M,Dravida Munnetra Kazhagam,87063,1228,88291,38.22,26/26,11:30 PM,04/05/2026,Dravida Munnetra Kazhagam,DMK,1,88291,64484,23807,26.964243241100448
S22181,THIRUMAYAM - 181,REGUPATHY.S,Dravida Munnetra Kazhagam,57676,525,58201,31.87,22/22,11:30 PM,04/05/2026,Dravida Munnetra Kazhagam,DMK,1,58201,56709,1492,2.563529836257109
S22195,THIRUPARANKUNDRAM - 195,NIRMALKUMAR. R.,Tamilaga Vettri Kazhagam,113578,738,114316,44.75,27/27,11:30 PM,04/05/2026,Tamilaga Vettri Kazhagam,TVK,1,114316,72763,41553,36.34924245075055
S2233,THIRUPORUR - 33,B.VIJAYARAJ,Tamilaga Vettri Kazhagam,109642,453,110095,41.96,33/33,11:30 PM,04/05/2026,Tamilaga Vettri Kazhagam,TVK,1,110095,70744,39351,35.74276760979154
S22166,THIRUTHURAIPOONDI - 166,MARIMUTHU.K,Communist Party of India,73139,923,74062,38.77,21/21,11:30 PM,04/05/2026,Communist Party of India,CPI,1,74062,61140,12922,17.447543949663796
S22173,THIRUVAIYARU - 173,DURAI. CHANDRASEKARAN,Dravida Munnetra Kazhagam,79538,887,80425,36.21,25/25,11:30 PM,04/05/2026,Dravida Munnetra Kazhagam,DMK,1,80425,71870,8555,10.637239664283495
S224,THIRUVALLUR - 4,DR. T. ARUNKUMAR,Tamilaga Vettri Kazhagam,91683,507,92190,40.71,24/24,11:30 PM,04/05/2026,Tamilaga Vettri Kazhagam,TVK,1,92190,67430,24760,26.857576743681527
S22168,THIRUVARUR - 168,KALAIVANAN POONDI K,Dravida Munnetra Kazhagam,92504,904,93408,42.87,25/25,11:30 PM,04/05/2026,Dravida Munnetra Kazhagam,DMK,1,93408,75260,18148,19.428742720109625
S22142,THIRUVERUMBUR - 142,VIJAYAKUMAR (A) NAVALPATTU S. VIJI,Tamilaga Vettri Kazhagam,88886,951,89837,42.06,24/24,11:30 PM,04/05/2026,Tamilaga Vettri Kazhagam,TVK,1,89837,81132,8705,9.689771475004731
S22170,THIRUVIDAIMARUDUR - 170,GOVI.CHEZHIAAN,Dravida Munnetra Kazhagam,79307,644,79951,38.26,25/25,11:30 PM,04/05/2026,Dravida Munnetra Kazhagam,DMK,1,79951,65835,14116,17.65581418618904
S2210,THIRUVOTTIYUR - 10,SENTHIL KUMAR. N,Tamilaga Vettri Kazhagam,109788,279,110067,53.15,26/26,11:30 PM,04/05/2026,Tamilaga Vettri Kazhagam,TVK,1,110067,56503,53564,48.66490410386401
S2224,THIYAGARAYANAGAR - 24,ANAND N,Tamilaga Vettri Kazhagam,51390,242,51632,38.55,18/18,11:30 PM,04/05/2026,Tamilaga Vettri Kazhagam,TVK,1,51632,38605,13027,25.230477223427332
S22119,THONDAMUTHUR - 119,S.P.VELUMANI,All India Anna Dravida Munnetra Kazhagam,92372,944,93316,36.09,28/28,11:30 PM,04/05/2026,All India Anna Dravida Munnetra Kazhagam,AIADMK,1,93316,78591,14725,15.779716233014703
S22214,THOOTHUKKUDI - 214,SRINATH,Tamilaga Vettri Kazhagam,99900,636,100536,49.11,26/26,11:30 PM,04/05/2026,Tamilaga Vettri Kazhagam,TVK,1,100536,62805,37731,37.529840057292915
S2220,THOUSAND LIGHTS - 20,PRABHAKAR.J.C.D,Tamilaga Vettri Kazhagam,58545,420,58965,44.73,18/18,11:30 PM,04/05/2026,Tamilaga Vettri Kazhagam,TVK,1,58965,43824,15141,25.677944543373187
S22146,THURAIYUR - 146,RAVISANKAR.M,Tamilaga Vettri Kazhagam,65711,552,66263,35.93,23/23,11:30 PM,04/05/2026,Tamilaga Vettri Kazhagam,TVK,1,66263,56649,9614,14.508851093370357
S2272,TINDIVANAM - 72,VANNI ARASU,Viduthalai Chiruthaigal Katchi,63094,739,63833,32.56,23/23,11:30 PM,04/05/2026,Viduthalai Chiruthaigal Katchi,VCK,1,63833,63099,734,1.1498754562687012
S22215,TIRUCHENDUR - 215,ANITHA R. RADHAKRISHNAN,Dravida Munnetra Kazhagam,71564,1159,72723,39.09,22/22,11:30 PM,04/05/2026,Dravida Munnetra Kazhagam,DMK,1,72723,66851,5872,8.074474375369553
S2296,TIRUCHENGODU - 96,ARUNRAJ K G,Tamilaga Vettri Kazhagam,78824,676,79500,41.6,22/22,11:30 PM,04/05/2026,Tamilaga Vettri Kazhagam,TVK,1,79500,51328,28172,35.436477987421384
S22141,TIRUCHIRAPPALLI (EAST) - 141,C. JOSEPH VIJAY,Tamilaga Vettri Kazhagam,90431,950,91381,50.07,28/28,11:30 PM,04/05/2026,Tamilaga Vettri Kazhagam,TVK,1,91381,63965,27416,30.001860342959695
S22140,TIRUCHIRAPPALLI (WEST) - 140,K.N.NEHRU,Dravida Munnetra Kazhagam,86969,1266,88235,44.94,24/24,11:30 PM,04/05/2026,Dravida Munnetra Kazhagam,DMK,1,88235,83449,4786,5.424151413838047
S22208,TIRUCHULI - 208,THANGAM THENARASU,Dravida Munnetra Kazhagam,74298,787,75085,41.43,23/23,11:30 PM,04/05/2026,Dravida Munnetra Kazhagam,DMK,1,75085,61600,13485,17.959645734833853
S2276,TIRUKKOYILUR - 76,PALANISAMY S,All India Anna Dravida Munnetra Kazhagam,72347,686,73033,33.61,24/24,11:30 PM,04/05/2026,All India Anna Dravida Munnetra Kazhagam,AIADMK,1,73033,72748,285,0.39023455150411457
S22224,TIRUNELVELI - 224,MURUGHAN.R.S.,Tamilaga Vettri Kazhagam,75157,683,75840,34.72,28/28,11:30 PM,04/05/2026,Tamilaga Vettri Kazhagam,TVK,1,75840,64426,11414,15.050105485232068
S22185,TIRUPPATTUR - 185,PERIAKARUPPAN. KR,Dravida Munnetra Kazhagam,82043,1183,83226,38.65,29/30,11:30 PM,04/05/2026,Dravida Munnetra Kazhagam,DMK,1,83226,83196,30,0.03604642779900512
S2250,TIRUPPATTUR - 50,DR.THIRUPATHI. N,Tamilaga Vettri Kazhagam,104203,895,105098,51.79,23/23,11:30 PM,04/05/2026,Tamilaga Vettri Kazhagam,TVK,1,105098,56835,48263,45.92190146339607
S22113,TIRUPPUR (NORTH) - 113,V.SATHYABAMA,Tamilaga Vettri Kazhagam,130901,500,131401,49.88,34/34,11:30 PM,04/05/2026,Tamilaga Vettri Kazhagam,TVK,1,131401,61409,69992,53.26595688008463
S22114,TIRUPPUR (SOUTH) - 114,BALAMURUGAN. S,Tamilaga Vettri Kazhagam,73472,321,73793,41.04,21/21,11:30 PM,04/05/2026,Tamilaga Vettri Kazhagam,TVK,1,73793,60892,12901,17.482688059843074
S223,TIRUTTANI - 3,G.HARI,All India Anna Dravida Munnetra Kazhagam,87893,1276,89169,37.34,27/27,11:30 PM,04/05/2026,All India Anna Dravida Munnetra Kazhagam,AIADMK,1,89169,83376,5793,6.496652424048717
S22210,TIRUVADANAI - 210,RAJEEV,Tamilaga Vettri Kazhagam,69001,550,69551,31.57,28/28,11:30 PM,04/05/2026,Tamilaga Vettri Kazhagam,TVK,1,69551,67038,2513,3.613175942833317
S2263,TIRUVANNAMALAI - 63,VELU. E.V,Dravida Munnetra Kazhagam,87271,1002,88273,40.11,23/23,11:30 PM,04/05/2026,Dravida Munnetra Kazhagam,DMK,1,88273,85818,2455,2.7811448574309243
S22151,TITTAKUDI - 151,GANESAN C.V,Dravida Munnetra Kazhagam,62086,1020,63106,35.91,21/21,11:30 PM,04/05/2026,Dravida Munnetra Kazhagam,DMK,1,63106,60477,2629,4.166006401926917
S22108,UDHAGAMANDALAM - 108,BHOJARAJAN.M,Bharatiya Janata Party,47734,754,48488,32.61,21/21,11:30 PM,04/05/2026,Bharatiya Janata Party,BJP,1,48488,47512,976,2.0128691635043725
S22125,UDUMALAIPETTAI - 125,JAYAKUMAR M.,Dravida Munnetra Kazhagam,67727,822,68549,33.67,22/22,11:30 PM,04/05/2026,Dravida Munnetra Kazhagam,DMK,1,68549,65667,2882,4.204291820449605
S2277,ULUNDURPETTAI - 77,VASANTHAVEL G R,Dravida Munnetra Kazhagam,97584,887,98471,36.34,29/29,11:30 PM,04/05/2026,Dravida Munnetra Kazhagam,DMK,1,98471,96194,2277,2.312355922048116
S22197,USILAMPATTI - 197,VIJAY. M,Tamilaga Vettri Kazhagam,64693,1050,65743,29.34,25/25,11:30 PM,04/05/2026,Tamilaga Vettri Kazhagam,TVK,1,65743,63938,1805,2.745539449066821
S2251,UTHANGARAI - 51,N ELAIYARAJA,Tamilaga Vettri Kazhagam,69448,753,70201,34.16,25/25,11:30 PM,04/05/2026,Tamilaga Vettri Kazhagam,TVK,1,70201,65003,5198,7.4044529280209685
S2236,UTHIRAMERUR - 36,MUNIRATHINAM.J,Tamilaga Vettri Kazhagam,83909,1008,84917,37.28,24/24,11:30 PM,04/05/2026,Tamilaga Vettri Kazhagam,TVK,1,84917,70694,14223,16.74929637175124
S22124,VALPARAI - 124,KUTTY (ALIAS) SUDHAKAR. A,Dravida Munnetra Kazhagam,54096,575,54671,36.34,19/19,11:30 PM,04/05/2026,Dravida Munnetra Kazhagam,DMK,1,54671,45300,9371,17.140714455561447
S2269,VANDAVASI - 69,AMBETHKUMAR. S,Dravida Munnetra Kazhagam,63011,794,63805,33.37,21/21,11:30 PM,04/05/2026,Dravida Munnetra Kazhagam,DMK,1,63805,60472,3333,5.223728547919442
S2247,VANIYAMBADI - 47,SYED FAROOQ BASHA SSB,Indian Union Muslim League,72764,417,73181,34.43,24/24,11:30 PM,04/05/2026,Indian Union Muslim League,Indian Union Muslim League,1,73181,70199,2982,4.074828165780735
S2273,VANUR - 73,GOWTHAM D,Dravida Munnetra Kazhagam,68418,455,68873,35.85,23/23,11:30 PM,04/05/2026,Dravida Munnetra Kazhagam,DMK,1,68873,61839,7034,10.213000740493372
S22220,VASUDEVANALLUR - 220,E. RAJA,Dravida Munnetra Kazhagam,61907,1138,63045,33.22,23/23,11:30 PM,04/05/2026,Dravida Munnetra Kazhagam,DMK,1,63045,56462,6583,10.441747957807914
S22165,VEDARANYAM - 165,MANIAN. O.S,All India Anna Dravida Munnetra Kazhagam,58108,1064,59172,36.48,18/18,11:30 PM,04/05/2026,All India Anna Dravida Munnetra Kazhagam,AIADMK,1,59172,51841,7331,12.389305752720881
S22133,VEDASANDUR - 133,SAMINATHAN. T,Dravida Munnetra Kazhagam,84196,752,84948,37.5,27/27,11:30 PM,04/05/2026,Dravida Munnetra Kazhagam,DMK,1,84948,74885,10063,11.84607053726986
S2291,VEERAPANDI - 91,PALANIVEL. M.S,Tamilaga Vettri Kazhagam,79535,372,79907,33.88,23/23,11:30 PM,04/05/2026,Tamilaga Vettri Kazhagam,TVK,1,79907,75836,4071,5.094672556847335
S2226,VELACHERY - 26,KUMAR. R,Tamilaga Vettri Kazhagam,80057,373,80430,43.52,23/23,11:30 PM,04/05/2026,Tamilaga Vettri Kazhagam,TVK,1,80430,47125,33305,41.40867835384807
S2243,VELLORE - 43,M.M.VINOTH KANNAN,Tamilaga Vettri Kazhagam,72563,469,73032,38.33,22/22,11:30 PM,04/05/2026,Tamilaga Vettri Kazhagam,TVK,1,73032,66255,6777,9.279493920473216
S2254,VEPPANAHALLI - 54,SRINIVASAN.P.S,Dravida Munnetra Kazhagam,74147,544,74691,33.55,27/27,11:30 PM,04/05/2026,Dravida Munnetra Kazhagam,DMK,1,74691,74553,138,0.18476121621078845
S2275,VIKRAVANDI - 75,SIVAKUMAR C,Pattali Makkal Katchi,69028,699,69727,33.33,23/23,11:30 PM,04/05/2026,Pattali Makkal Katchi,PMK,1,69727,68817,910,1.3050898504166248
S22213,VILATHIKULAM - 213,MARKANDAYAN G V,Dravida Munnetra Kazhagam,57458,937,58395,33.4,20/20,11:30 PM,04/05/2026,Dravida Munnetra Kazhagam,DMK,1,58395,50167,8228,14.090247452692866
S22233,VILAVANCODE - 233,PRAVEEN T.T,Indian National Congress,69378,1377,70755,40.45,22/22,11:30 PM,04/05/2026,Indian National Congress,INC,1,70755,49785,20970,29.637481450074198
S2214,VILLIVAKKAM - 14,AADHAV ARJUNA,Tamilaga Vettri Kazhagam,66149,296,66445,46.97,19/19,11:30 PM,04/05/2026,Tamilaga Vettri Kazhagam,TVK,1,66445,49143,17302,26.039581608849428
S2274,VILUPPURAM - 74,LAKSHMANAN R,Dravida Munnetra Kazhagam,72041,941,72982,33.88,24/24,11:30 PM,04/05/2026,Dravida Munnetra Kazhagam,DMK,1,72982,68863,4119,5.6438573894932995
S22179,VIRALIMALAI - 179,VIJAYABASKAR. C,All India Anna Dravida Munnetra Kazhagam,104857,916,105773,51.87,22/22,11:30 PM,04/05/2026,All India Anna Dravida Munnetra Kazhagam,AIADMK,1,105773,43700,62073,58.68510867612717
S22206,VIRUDHUNAGAR - 206,SELVAM P,Tamilaga Vettri Kazhagam,63070,583,63653,37.93,23/23,11:30 PM,04/05/2026,Tamilaga Vettri Kazhagam,TVK,1,63653,54262,9391,14.753428746484849
S2222,VIRUGAMPAKKAM - 22,SABARINATHAN.R,Tamilaga Vettri Kazhagam,75801,291,76092,44.03,24/24,11:30 PM,04/05/2026,Tamilaga Vettri Kazhagam,TVK,1,76092,49006,27086,35.596383325448144
S22152,VRIDDHACHALAM - 152,PREMALLATHA VIJAYAKANT,Desiya Murpokku Dravida Kazhagam,68625,726,69351,33.15,24/24,11:30 PM,04/05/2026,Desiya Murpokku Dravida Kazhagam,DMDK,1,69351,66964,2387,3.44191143602832
S2283,YERCAUD - 83,USHARANI. P,All India Anna Dravida Munnetra Kazhagam,86895,877,87772,34.61,25/25,11:30 PM,04/05/2026,All India Anna Dravida Munnetra Kazhagam,AIADMK,1,87772,85583,2189,2.4939616278539853
